machine;size;tilew;tileh;threads;kernel;variant;iterations;schedule;places;label;arg;time
moy;2048;32;32;8;invert;seq;100;;cores;;none;130028
moy;2048;32;32;8;blur;thread;10;;cores;;none;1088215
moy;2048;32;32;8;blur;thread;1;;cores;;none;109852
moy;2048;32;32;8;blur;thread;10;;cores;;none;1088348
moy;2048;32;32;8;blur;thread;10;;cores;;none;1086439
moy;2048;32;32;8;blur;seq;10;;cores;;none;1156630
moy;2048;32;32;8;blur;thread;10;;cores;;none;1045168
moy;2048;32;32;8;blur;thread;10;;cores;;none;1045116
moy;2048;32;32;8;blur;seq;10;;cores;;none;1062251
moy;4096;32;32;8;blur;seq;10;;cores;;none;4265975
moy;4096;32;32;8;blur;seq;10;;cores;;none;4321316
moy;4096;32;32;8;blur;thread;10;;cores;;none;4178254
moy;4096;32;32;2;blur;thread;10;;cores;;none;4177842
moy;512;32;32;8;mandel;thread;50;;cores;;none;3376534
moy;512;32;32;8;mandel;cyclic;10;;cores;;none;676980
moy;512;32;32;8;mandel;thread;10;;cores;;none;778860
moy;512;32;32;8;mandel;seq;10;;cores;;none;1278570
moy;512;32;32;8;mandel;cyclic;10;;cores;;none;706884
moy;512;32;32;8;mandel;thread;10;;cores;;none;742407
moy;512;32;32;8;mandel;seq;10;;cores;;none;1287412
moy;512;32;32;8;mandel;cyclic;10;;cores;;none;63419
moy;512;32;32;8;mandel;cyclic;10;;cores;;none;665174
moy;512;32;32;8;mandel;thread;10;;cores;;none;775754
moy;512;32;32;8;mandel;thread;10;;cores;;none;756087
moy;512;32;32;8;mandel;cyclic;10;;cores;;none;665219
